Day of week,SL %
Fri,0
Mon,0.001607717041800643
Sat,0
Sun,0
Thu,0.012987012987012988
Tue,0.0048543689320388345
Wed,0.003246753246753247
